{
  "version": 1,
  "author": "Mihaell Alves",
  "editor": "wokwi",
  "parts": [
    { "type": "wokwi-esp32-devkit-v1", "id": "esp", "top": 0, "left": 0, "attrs": {} },
    {
      "type": "wokwi-buzzer",
      "id": "bz1",
      "top": 7.56,
      "left": -255.26,
      "attrs": { "volume": "0.1" }
    },
    {
      "type": "wokwi-led",
      "id": "led1",
      "top": -108.31,
      "left": -187.49,
      "attrs": { "color": "red" }
    },
    {
      "type": "wokwi-photoresistor-sensor",
      "id": "ldr1",
      "top": 311.2,
      "left": -0.91,
      "attrs": {}
    },
    {
      "type": "wokwi-resistor",
      "id": "r2",
      "top": 213.07,
      "left": 135.4,
      "attrs": { "value": "1000" }
    },
    {
      "type": "wokwi-led",
      "id": "led2",
      "top": -106.28,
      "left": -152.46,
      "attrs": { "color": "green" }
    },
    {
      "type": "wokwi-led",
      "id": "led3",
      "top": -105.74,
      "left": -109.54,
      "attrs": { "color": "blue" }
    },
    {
      "type": "wokwi-led",
      "id": "led4",
      "top": -104.94,
      "left": -71.8,
      "attrs": { "color": "yellow" }
    },
    {
      "type": "wokwi-pushbutton",
      "id": "btn1",
      "top": -51.51,
      "left": 163.43,
      "attrs": { "color": "blue" }
    },
    {
      "type": "wokwi-pushbutton",
      "id": "btn2",
      "top": 191.39,
      "left": -142.02,
      "attrs": { "color": "green" }
    }
  ],
  "connections": [
    [ "esp:TX0", "$serialMonitor:RX", "", [] ],
    [ "esp:RX0", "$serialMonitor:TX", "", [] ],
    [ "esp:GND.2", "bz1:1", "black", [ "h0" ] ],
    [ "ldr1:GND", "r2:2", "green", [ "h29.88", "v70.02" ] ],
    [ "r2:1", "esp:GND.1", "green", [ "v-35.69", "h48.44", "v-37.38" ] ],
    [ "esp:3V3", "ldr1:VCC", "red", [ "h218.91", "v-268.85" ] ],
    [ "bz1:2", "esp:D12", "red", [ "v40.38", "h96.38", "v0.46" ] ],
    [ "ldr1:AO", "esp:D27", "green", [ "v26.2", "h-190.85", "v188.52" ] ],
    [ "btn1:2.l", "esp:GND.1", "green", [ "h-21.2", "v168.51" ] ],
    [ "btn2:2.r", "esp:GND.2", "green", [ "h29.66", "v-75.61" ] ],
    [ "btn2:1.l", "esp:D33", "blue", [ "h-21.65", "v-105.76", "h168.67" ] ],
    [ "btn1:1.r", "esp:D5", "green", [ "v0" ] ],
    [ "esp:GND.2", "led1:C", "black", [ "h0" ] ],
    [ "esp:GND.2", "led2:C", "black", [ "h0" ] ],
    [ "esp:GND.2", "led3:C", "black", [ "h0" ] ],
    [ "esp:GND.2", "led4:C", "black", [ "h0" ] ],
    [ "led1:A", "esp:D14", "green", [ "v0" ] ],
    [ "led2:A", "esp:D26", "green", [ "v0" ] ],
    [ "led3:A", "esp:D25", "green", [ "v0" ] ],
    [ "led4:A", "esp:D32", "green", [ "v0" ] ]
  ]
}